Date,Fuel type,Count
1/1/2006,Diesel,3521
1/1/2006,Electric hybrids,216
1/1/2006,Electricity,2
1/1/2006,Ethanol,1646
1/1/2006,Gas,13617
1/1/2006,NG,168
1/1/2006,Others,3
1/1/2006,Plug-in hybrids,0
2/1/2006,Diesel,3444
2/1/2006,Electric hybrids,163
2/1/2006,Electricity,0
2/1/2006,Ethanol,1798
2/1/2006,Gas,14687
2/1/2006,NG,234
2/1/2006,Others,0
2/1/2006,Plug-in hybrids,0
3/1/2006,Diesel,4764
3/1/2006,Electric hybrids,214
3/1/2006,Electricity,0
3/1/2006,Ethanol,3165
3/1/2006,Gas,19609
3/1/2006,NG,254
3/1/2006,Others,1
3/1/2006,Plug-in hybrids,0
4/1/2006,Diesel,4598
4/1/2006,Electric hybrids,239
4/1/2006,Electricity,0
4/1/2006,Ethanol,2105
4/1/2006,Gas,21439
4/1/2006,NG,370
4/1/2006,Others,0
4/1/2006,Plug-in hybrids,0
5/1/2006,Diesel,5168
5/1/2006,Electric hybrids,260
5/1/2006,Electricity,0
5/1/2006,Ethanol,2481
5/1/2006,Gas,24117
5/1/2006,NG,530
5/1/2006,Others,0
5/1/2006,Plug-in hybrids,0
6/1/2006,Diesel,5340
6/1/2006,Electric hybrids,307
6/1/2006,Electricity,0
6/1/2006,Ethanol,2469
6/1/2006,Gas,23148
6/1/2006,NG,398
6/1/2006,Others,0
6/1/2006,Plug-in hybrids,0
7/1/2006,Diesel,4089
7/1/2006,Electric hybrids,224
7/1/2006,Electricity,0
7/1/2006,Ethanol,1686
7/1/2006,Gas,15593
7/1/2006,NG,198
7/1/2006,Others,1
7/1/2006,Plug-in hybrids,0
8/1/2006,Diesel,4619
8/1/2006,Electric hybrids,277
8/1/2006,Electricity,0
8/1/2006,Ethanol,2086
8/1/2006,Gas,17504
8/1/2006,NG,181
8/1/2006,Others,0
8/1/2006,Plug-in hybrids,0
9/1/2006,Diesel,5438
9/1/2006,Electric hybrids,293
9/1/2006,Electricity,0
9/1/2006,Ethanol,2061
9/1/2006,Gas,19129
9/1/2006,NG,319
9/1/2006,Others,2
9/1/2006,Plug-in hybrids,0
10/1/2006,Diesel,6176
10/1/2006,Electric hybrids,166
10/1/2006,Electricity,0
10/1/2006,Ethanol,1819
10/1/2006,Gas,18271
10/1/2006,NG,361
10/1/2006,Others,3
10/1/2006,Plug-in hybrids,0
11/1/2006,Diesel,7046
11/1/2006,Electric hybrids,256
11/1/2006,Electricity,0
11/1/2006,Ethanol,2465
11/1/2006,Gas,17054
11/1/2006,NG,348
11/1/2006,Others,0
11/1/2006,Plug-in hybrids,0
12/1/2006,Diesel,7000
12/1/2006,Electric hybrids,236
12/1/2006,Electricity,0
12/1/2006,Ethanol,2337
12/1/2006,Gas,15834
12/1/2006,NG,265
12/1/2006,Others,0
12/1/2006,Plug-in hybrids,0
1/1/2007,Diesel,6965
1/1/2007,Electric hybrids,287
1/1/2007,Electricity,0
1/1/2007,Ethanol,1891
1/1/2007,Gas,13521
1/1/2007,NG,200
1/1/2007,Others,1
1/1/2007,Plug-in hybrids,0
2/1/2007,Diesel,6615
2/1/2007,Electric hybrids,243
2/1/2007,Electricity,0
2/1/2007,Ethanol,1965
2/1/2007,Gas,13479
2/1/2007,NG,169
2/1/2007,Others,0
2/1/2007,Plug-in hybrids,0
3/1/2007,Diesel,8418
3/1/2007,Electric hybrids,280
3/1/2007,Electricity,0
3/1/2007,Ethanol,2361
3/1/2007,Gas,19340
3/1/2007,NG,200
3/1/2007,Others,0
3/1/2007,Plug-in hybrids,0
4/1/2007,Diesel,8269
4/1/2007,Electric hybrids,286
4/1/2007,Electricity,0
4/1/2007,Ethanol,2464
4/1/2007,Gas,19362
4/1/2007,NG,152
4/1/2007,Others,0
4/1/2007,Plug-in hybrids,0
5/1/2007,Diesel,9492
5/1/2007,Electric hybrids,351
5/1/2007,Electricity,0
5/1/2007,Ethanol,3429
5/1/2007,Gas,20085
5/1/2007,NG,168
5/1/2007,Others,1
5/1/2007,Plug-in hybrids,0
6/1/2007,Diesel,8877
6/1/2007,Electric hybrids,313
6/1/2007,Electricity,0
6/1/2007,Ethanol,3155
6/1/2007,Gas,17837
6/1/2007,NG,247
6/1/2007,Others,1
6/1/2007,Plug-in hybrids,0
7/1/2007,Diesel,6979
7/1/2007,Electric hybrids,256
7/1/2007,Electricity,0
7/1/2007,Ethanol,2508
7/1/2007,Gas,13520
7/1/2007,NG,136
7/1/2007,Others,0
7/1/2007,Plug-in hybrids,0
8/1/2007,Diesel,8630
8/1/2007,Electric hybrids,319
8/1/2007,Electricity,1
8/1/2007,Ethanol,2229
8/1/2007,Gas,14772
8/1/2007,NG,111
8/1/2007,Others,1
8/1/2007,Plug-in hybrids,0
9/1/2007,Diesel,8803
9/1/2007,Electric hybrids,255
9/1/2007,Electricity,0
9/1/2007,Ethanol,2756
9/1/2007,Gas,14276
9/1/2007,NG,96
9/1/2007,Others,0
9/1/2007,Plug-in hybrids,0
10/1/2007,Diesel,11332
10/1/2007,Electric hybrids,243
10/1/2007,Electricity,0
10/1/2007,Ethanol,4183
10/1/2007,Gas,15476
10/1/2007,NG,80
10/1/2007,Others,1
10/1/2007,Plug-in hybrids,0
11/1/2007,Diesel,12240
11/1/2007,Electric hybrids,261
11/1/2007,Electricity,0
11/1/2007,Ethanol,4251
11/1/2007,Gas,12810
11/1/2007,NG,119
11/1/2007,Others,0
11/1/2007,Plug-in hybrids,0
12/1/2007,Diesel,16944
12/1/2007,Electric hybrids,300
12/1/2007,Electricity,1
12/1/2007,Ethanol,4321
12/1/2007,Gas,9823
12/1/2007,NG,81
12/1/2007,Others,0
12/1/2007,Plug-in hybrids,0
1/1/2008,Diesel,5292
1/1/2008,Electric hybrids,307
1/1/2008,Electricity,0
1/1/2008,Ethanol,4677
1/1/2008,Gas,8977
1/1/2008,NG,90
1/1/2008,Others,0
1/1/2008,Plug-in hybrids,0
2/1/2008,Diesel,8221
2/1/2008,Electric hybrids,363
2/1/2008,Electricity,0
2/1/2008,Ethanol,4595
2/1/2008,Gas,9634
2/1/2008,NG,85
2/1/2008,Others,0
2/1/2008,Plug-in hybrids,0
3/1/2008,Diesel,9180
3/1/2008,Electric hybrids,316
3/1/2008,Electricity,0
3/1/2008,Ethanol,4317
3/1/2008,Gas,11105
3/1/2008,NG,62
3/1/2008,Others,0
3/1/2008,Plug-in hybrids,0
4/1/2008,Diesel,11334
4/1/2008,Electric hybrids,451
4/1/2008,Electricity,0
4/1/2008,Ethanol,5032
4/1/2008,Gas,13284
4/1/2008,NG,97
4/1/2008,Others,0
4/1/2008,Plug-in hybrids,0
5/1/2008,Diesel,10458
5/1/2008,Electric hybrids,435
5/1/2008,Electricity,1
5/1/2008,Ethanol,5477
5/1/2008,Gas,12672
5/1/2008,NG,85
5/1/2008,Others,1
5/1/2008,Plug-in hybrids,0
6/1/2008,Diesel,9024
6/1/2008,Electric hybrids,340
6/1/2008,Electricity,0
6/1/2008,Ethanol,5948
6/1/2008,Gas,10656
6/1/2008,NG,74
6/1/2008,Others,1
6/1/2008,Plug-in hybrids,0
7/1/2008,Diesel,6673
7/1/2008,Electric hybrids,297
7/1/2008,Electricity,0
7/1/2008,Ethanol,3680
7/1/2008,Gas,8504
7/1/2008,NG,47
7/1/2008,Others,2
7/1/2008,Plug-in hybrids,0
8/1/2008,Diesel,6923
8/1/2008,Electric hybrids,352
8/1/2008,Electricity,0
8/1/2008,Ethanol,3940
8/1/2008,Gas,8558
8/1/2008,NG,79
8/1/2008,Others,0
8/1/2008,Plug-in hybrids,0
9/1/2008,Diesel,8407
9/1/2008,Electric hybrids,376
9/1/2008,Electricity,0
9/1/2008,Ethanol,6080
9/1/2008,Gas,9584
9/1/2008,NG,187
9/1/2008,Others,0
9/1/2008,Plug-in hybrids,0
10/1/2008,Diesel,8275
10/1/2008,Electric hybrids,307
10/1/2008,Electricity,0
10/1/2008,Ethanol,6431
10/1/2008,Gas,8668
10/1/2008,NG,184
10/1/2008,Others,1
10/1/2008,Plug-in hybrids,0
11/1/2008,Diesel,6504
11/1/2008,Electric hybrids,279
11/1/2008,Electricity,0
11/1/2008,Ethanol,4565
11/1/2008,Gas,6736
11/1/2008,NG,192
11/1/2008,Others,0
11/1/2008,Plug-in hybrids,0
12/1/2008,Diesel,6874
12/1/2008,Electric hybrids,423
12/1/2008,Electricity,0
12/1/2008,Ethanol,4282
12/1/2008,Gas,6137
12/1/2008,NG,205
12/1/2008,Others,1
12/1/2008,Plug-in hybrids,0
1/1/2009,Diesel,4852
1/1/2009,Electric hybrids,148
1/1/2009,Electricity,2
1/1/2009,Ethanol,2378
1/1/2009,Gas,4872
1/1/2009,NG,119
1/1/2009,Others,0
1/1/2009,Plug-in hybrids,0
2/1/2009,Diesel,5911
2/1/2009,Electric hybrids,127
2/1/2009,Electricity,2
2/1/2009,Ethanol,3069
2/1/2009,Gas,6244
2/1/2009,NG,154
2/1/2009,Others,1
2/1/2009,Plug-in hybrids,0
3/1/2009,Diesel,7125
3/1/2009,Electric hybrids,143
3/1/2009,Electricity,6
3/1/2009,Ethanol,3997
3/1/2009,Gas,7636
3/1/2009,NG,317
3/1/2009,Others,1
3/1/2009,Plug-in hybrids,0
4/1/2009,Diesel,7527
4/1/2009,Electric hybrids,184
4/1/2009,Electricity,0
4/1/2009,Ethanol,3854
4/1/2009,Gas,7931
4/1/2009,NG,486
4/1/2009,Others,1
4/1/2009,Plug-in hybrids,0
5/1/2009,Diesel,6748
5/1/2009,Electric hybrids,155
5/1/2009,Electricity,5
5/1/2009,Ethanol,4663
5/1/2009,Gas,7646
5/1/2009,NG,541
5/1/2009,Others,2
5/1/2009,Plug-in hybrids,0
6/1/2009,Diesel,9030
6/1/2009,Electric hybrids,261
6/1/2009,Electricity,3
6/1/2009,Ethanol,4861
6/1/2009,Gas,9334
6/1/2009,NG,651
6/1/2009,Others,1
6/1/2009,Plug-in hybrids,0
7/1/2009,Diesel,6340
7/1/2009,Electric hybrids,148
7/1/2009,Electricity,2
7/1/2009,Ethanol,2341
7/1/2009,Gas,6459
7/1/2009,NG,623
7/1/2009,Others,0
7/1/2009,Plug-in hybrids,0
8/1/2009,Diesel,6583
8/1/2009,Electric hybrids,279
8/1/2009,Electricity,3
8/1/2009,Ethanol,2915
8/1/2009,Gas,6218
8/1/2009,NG,725
8/1/2009,Others,0
8/1/2009,Plug-in hybrids,0
9/1/2009,Diesel,8603
9/1/2009,Electric hybrids,514
9/1/2009,Electricity,1
9/1/2009,Ethanol,3220
9/1/2009,Gas,7703
9/1/2009,NG,749
9/1/2009,Others,3
9/1/2009,Plug-in hybrids,0
10/1/2009,Diesel,9984
10/1/2009,Electric hybrids,456
10/1/2009,Electricity,2
10/1/2009,Ethanol,3052
10/1/2009,Gas,8674
10/1/2009,NG,642
10/1/2009,Others,1
10/1/2009,Plug-in hybrids,0
11/1/2009,Diesel,9021
11/1/2009,Electric hybrids,358
11/1/2009,Electricity,2
11/1/2009,Ethanol,3063
11/1/2009,Gas,8235
11/1/2009,NG,503
11/1/2009,Others,3
11/1/2009,Plug-in hybrids,0
12/1/2009,Diesel,9459
12/1/2009,Electric hybrids,312
12/1/2009,Electricity,1
12/1/2009,Ethanol,2752
12/1/2009,Gas,6974
12/1/2009,NG,615
12/1/2009,Others,2
12/1/2009,Plug-in hybrids,0
1/1/2010,Diesel,7270
1/1/2010,Electric hybrids,281
1/1/2010,Electricity,1
1/1/2010,Ethanol,2359
1/1/2010,Gas,5876
1/1/2010,NG,561
1/1/2010,Others,4
1/1/2010,Plug-in hybrids,0
2/1/2010,Diesel,9329
2/1/2010,Electric hybrids,258
2/1/2010,Electricity,0
2/1/2010,Ethanol,2633
2/1/2010,Gas,6012
2/1/2010,NG,670
2/1/2010,Others,0
2/1/2010,Plug-in hybrids,0
3/1/2010,Diesel,13018
3/1/2010,Electric hybrids,438
3/1/2010,Electricity,1
3/1/2010,Ethanol,3053
3/1/2010,Gas,10201
3/1/2010,NG,616
3/1/2010,Others,4
3/1/2010,Plug-in hybrids,0
4/1/2010,Diesel,13255
4/1/2010,Electric hybrids,334
4/1/2010,Electricity,1
4/1/2010,Ethanol,3094
4/1/2010,Gas,10457
4/1/2010,NG,630
4/1/2010,Others,0
4/1/2010,Plug-in hybrids,0
5/1/2010,Diesel,12561
5/1/2010,Electric hybrids,325
5/1/2010,Electricity,0
5/1/2010,Ethanol,3297
5/1/2010,Gas,10489
5/1/2010,NG,601
5/1/2010,Others,2
5/1/2010,Plug-in hybrids,0
6/1/2010,Diesel,15028
6/1/2010,Electric hybrids,273
6/1/2010,Electricity,1
6/1/2010,Ethanol,3513
6/1/2010,Gas,11517
6/1/2010,NG,705
6/1/2010,Others,2
6/1/2010,Plug-in hybrids,0
7/1/2010,Diesel,10887
7/1/2010,Electric hybrids,152
7/1/2010,Electricity,0
7/1/2010,Ethanol,2050
7/1/2010,Gas,8342
7/1/2010,NG,573
7/1/2010,Others,1
7/1/2010,Plug-in hybrids,0
8/1/2010,Diesel,11695
8/1/2010,Electric hybrids,277
8/1/2010,Electricity,1
8/1/2010,Ethanol,2451
8/1/2010,Gas,9017
8/1/2010,NG,629
8/1/2010,Others,4
8/1/2010,Plug-in hybrids,0
9/1/2010,Diesel,13998
9/1/2010,Electric hybrids,363
9/1/2010,Electricity,0
9/1/2010,Ethanol,2961
9/1/2010,Gas,9704
9/1/2010,NG,547
9/1/2010,Others,0
9/1/2010,Plug-in hybrids,0
10/1/2010,Diesel,14729
10/1/2010,Electric hybrids,366
10/1/2010,Electricity,3
10/1/2010,Ethanol,3098
10/1/2010,Gas,8973
10/1/2010,NG,555
10/1/2010,Others,1
10/1/2010,Plug-in hybrids,0
11/1/2010,Diesel,15027
11/1/2010,Electric hybrids,353
11/1/2010,Electricity,0
11/1/2010,Ethanol,3330
11/1/2010,Gas,8888
11/1/2010,NG,484
11/1/2010,Others,1
11/1/2010,Plug-in hybrids,0
12/1/2010,Diesel,17485
12/1/2010,Electric hybrids,300
12/1/2010,Electricity,3
12/1/2010,Ethanol,3626
12/1/2010,Gas,8752
12/1/2010,NG,434
12/1/2010,Others,4
12/1/2010,Plug-in hybrids,0
1/1/2011,Diesel,12281
1/1/2011,Electric hybrids,238
1/1/2011,Electricity,3
1/1/2011,Ethanol,817
1/1/2011,Gas,6835
1/1/2011,NG,275
1/1/2011,Others,4
1/1/2011,Plug-in hybrids,0
2/1/2011,Diesel,13524
2/1/2011,Electric hybrids,250
2/1/2011,Electricity,29
2/1/2011,Ethanol,973
2/1/2011,Gas,7128
2/1/2011,NG,308
2/1/2011,Others,2
2/1/2011,Plug-in hybrids,0
3/1/2011,Diesel,18311
3/1/2011,Electric hybrids,374
3/1/2011,Electricity,36
3/1/2011,Ethanol,1387
3/1/2011,Gas,10963
3/1/2011,NG,569
3/1/2011,Others,2
3/1/2011,Plug-in hybrids,0
4/1/2011,Diesel,17958
4/1/2011,Electric hybrids,336
4/1/2011,Electricity,23
4/1/2011,Ethanol,1539
4/1/2011,Gas,10748
4/1/2011,NG,525
4/1/2011,Others,3
4/1/2011,Plug-in hybrids,0
5/1/2011,Diesel,19373
5/1/2011,Electric hybrids,300
5/1/2011,Electricity,40
5/1/2011,Ethanol,1709
5/1/2011,Gas,11277
5/1/2011,NG,767
5/1/2011,Others,0
5/1/2011,Plug-in hybrids,0
6/1/2011,Diesel,17940
6/1/2011,Electric hybrids,194
6/1/2011,Electricity,11
6/1/2011,Ethanol,1602
6/1/2011,Gas,9829
6/1/2011,NG,470
6/1/2011,Others,1
6/1/2011,Plug-in hybrids,0
7/1/2011,Diesel,12922
7/1/2011,Electric hybrids,121
7/1/2011,Electricity,0
7/1/2011,Ethanol,911
7/1/2011,Gas,7294
7/1/2011,NG,335
7/1/2011,Others,2
7/1/2011,Plug-in hybrids,0
8/1/2011,Diesel,15410
8/1/2011,Electric hybrids,257
8/1/2011,Electricity,3
8/1/2011,Ethanol,1387
8/1/2011,Gas,8674
8/1/2011,NG,607
8/1/2011,Others,4
8/1/2011,Plug-in hybrids,0
9/1/2011,Diesel,17006
9/1/2011,Electric hybrids,245
9/1/2011,Electricity,3
9/1/2011,Ethanol,1340
9/1/2011,Gas,9039
9/1/2011,NG,872
9/1/2011,Others,4
9/1/2011,Plug-in hybrids,0
10/1/2011,Diesel,16285
10/1/2011,Electric hybrids,177
10/1/2011,Electricity,7
10/1/2011,Ethanol,1221
10/1/2011,Gas,8222
10/1/2011,NG,732
10/1/2011,Others,2
10/1/2011,Plug-in hybrids,0
11/1/2011,Diesel,17472
11/1/2011,Electric hybrids,256
11/1/2011,Electricity,15
11/1/2011,Ethanol,1423
11/1/2011,Gas,8424
11/1/2011,NG,664
11/1/2011,Others,2
11/1/2011,Plug-in hybrids,0
12/1/2011,Diesel,16671
12/1/2011,Electric hybrids,179
12/1/2011,Electricity,15
12/1/2011,Ethanol,974
12/1/2011,Gas,8019
12/1/2011,NG,494
12/1/2011,Others,5
12/1/2011,Plug-in hybrids,0
1/1/2012,Diesel,13223
1/1/2012,Electric hybrids,109
1/1/2012,Electricity,10
1/1/2012,Ethanol,645
1/1/2012,Gas,5398
1/1/2012,NG,521
1/1/2012,Others,3
1/1/2012,Plug-in hybrids,0
2/1/2012,Diesel,14908
2/1/2012,Electric hybrids,119
2/1/2012,Electricity,14
2/1/2012,Ethanol,608
2/1/2012,Gas,5918
2/1/2012,NG,450
2/1/2012,Others,3
2/1/2012,Plug-in hybrids,0
3/1/2012,Diesel,19715
3/1/2012,Electric hybrids,161
3/1/2012,Electricity,33
3/1/2012,Ethanol,697
3/1/2012,Gas,9215
3/1/2012,NG,607
3/1/2012,Others,5
3/1/2012,Plug-in hybrids,3
4/1/2012,Diesel,16400
4/1/2012,Electric hybrids,110
4/1/2012,Electricity,37
4/1/2012,Ethanol,551
4/1/2012,Gas,7832
4/1/2012,NG,435
4/1/2012,Others,7
4/1/2012,Plug-in hybrids,19
5/1/2012,Diesel,18266
5/1/2012,Electric hybrids,172
5/1/2012,Electricity,20
5/1/2012,Ethanol,592
5/1/2012,Gas,8986
5/1/2012,NG,439
5/1/2012,Others,3
5/1/2012,Plug-in hybrids,18
6/1/2012,Diesel,17755
6/1/2012,Electric hybrids,261
6/1/2012,Electricity,16
6/1/2012,Ethanol,517
6/1/2012,Gas,8816
6/1/2012,NG,373
6/1/2012,Others,0
6/1/2012,Plug-in hybrids,28
7/1/2012,Diesel,12338
7/1/2012,Electric hybrids,309
7/1/2012,Electricity,11
7/1/2012,Ethanol,332
7/1/2012,Gas,6791
7/1/2012,NG,406
7/1/2012,Others,5
7/1/2012,Plug-in hybrids,91
8/1/2012,Diesel,14458
8/1/2012,Electric hybrids,262
8/1/2012,Electricity,14
8/1/2012,Ethanol,361
8/1/2012,Gas,7371
8/1/2012,NG,401
8/1/2012,Others,3
8/1/2012,Plug-in hybrids,114
9/1/2012,Diesel,15885
9/1/2012,Electric hybrids,331
9/1/2012,Electricity,37
9/1/2012,Ethanol,359
9/1/2012,Gas,6828
9/1/2012,NG,432
9/1/2012,Others,2
9/1/2012,Plug-in hybrids,138
10/1/2012,Diesel,16830
10/1/2012,Electric hybrids,434
10/1/2012,Electricity,18
10/1/2012,Ethanol,416
10/1/2012,Gas,7416
10/1/2012,NG,578
10/1/2012,Others,9
10/1/2012,Plug-in hybrids,102
11/1/2012,Diesel,17432
11/1/2012,Electric hybrids,402
11/1/2012,Electricity,26
11/1/2012,Ethanol,305
11/1/2012,Gas,8119
11/1/2012,NG,385
11/1/2012,Others,3
11/1/2012,Plug-in hybrids,77
12/1/2012,Diesel,18209
12/1/2012,Electric hybrids,372
12/1/2012,Electricity,28
12/1/2012,Ethanol,521
12/1/2012,Gas,7875
12/1/2012,NG,408
12/1/2012,Others,5
12/1/2012,Plug-in hybrids,68
1/1/2013,Diesel,11067
1/1/2013,Electric hybrids,358
1/1/2013,Electricity,43
1/1/2013,Ethanol,166
1/1/2013,Gas,5369
1/1/2013,NG,365
1/1/2013,Others,3
1/1/2013,Plug-in hybrids,111
2/1/2013,Diesel,11928
2/1/2013,Electric hybrids,342
2/1/2013,Electricity,26
2/1/2013,Ethanol,163
2/1/2013,Gas,6046
2/1/2013,NG,405
2/1/2013,Others,1
2/1/2013,Plug-in hybrids,232
3/1/2013,Diesel,14794
3/1/2013,Electric hybrids,353
3/1/2013,Electricity,29
3/1/2013,Ethanol,287
3/1/2013,Gas,8166
3/1/2013,NG,354
3/1/2013,Others,4
3/1/2013,Plug-in hybrids,144
4/1/2013,Diesel,16610
4/1/2013,Electric hybrids,365
4/1/2013,Electricity,24
4/1/2013,Ethanol,151
4/1/2013,Gas,9079
4/1/2013,NG,356
4/1/2013,Others,5
4/1/2013,Plug-in hybrids,52
5/1/2013,Diesel,17216
5/1/2013,Electric hybrids,464
5/1/2013,Electricity,24
5/1/2013,Ethanol,253
5/1/2013,Gas,10200
5/1/2013,NG,365
5/1/2013,Others,2
5/1/2013,Plug-in hybrids,51
6/1/2013,Diesel,15160
6/1/2013,Electric hybrids,362
6/1/2013,Electricity,26
6/1/2013,Ethanol,278
6/1/2013,Gas,9101
6/1/2013,NG,291
6/1/2013,Others,2
6/1/2013,Plug-in hybrids,69
7/1/2013,Diesel,11590
7/1/2013,Electric hybrids,355
7/1/2013,Electricity,5
7/1/2013,Ethanol,264
7/1/2013,Gas,8112
7/1/2013,NG,198
7/1/2013,Others,3
7/1/2013,Plug-in hybrids,73
8/1/2013,Diesel,13489
8/1/2013,Electric hybrids,553
8/1/2013,Electricity,26
8/1/2013,Ethanol,414
8/1/2013,Gas,8954
8/1/2013,NG,314
8/1/2013,Others,3
8/1/2013,Plug-in hybrids,54
9/1/2013,Diesel,15331
9/1/2013,Electric hybrids,556
9/1/2013,Electricity,44
9/1/2013,Ethanol,259
9/1/2013,Gas,9398
9/1/2013,NG,287
9/1/2013,Others,1
9/1/2013,Plug-in hybrids,51
10/1/2013,Diesel,15604
10/1/2013,Electric hybrids,549
10/1/2013,Electricity,80
10/1/2013,Ethanol,350
10/1/2013,Gas,10143
10/1/2013,NG,304
10/1/2013,Others,4
10/1/2013,Plug-in hybrids,67
11/1/2013,Diesel,15328
11/1/2013,Electric hybrids,483
11/1/2013,Electricity,56
11/1/2013,Ethanol,431
11/1/2013,Gas,9534
11/1/2013,NG,292
11/1/2013,Others,9
11/1/2013,Plug-in hybrids,102
12/1/2013,Diesel,17321
12/1/2013,Electric hybrids,430
12/1/2013,Electricity,69
12/1/2013,Ethanol,227
12/1/2013,Gas,8749
12/1/2013,NG,342
12/1/2013,Others,5
12/1/2013,Plug-in hybrids,103
1/1/2014,Diesel,12357
1/1/2014,Electric hybrids,492
1/1/2014,Electricity,67
1/1/2014,Ethanol,186
1/1/2014,Gas,6793
1/1/2014,NG,376
1/1/2014,Others,1
1/1/2014,Plug-in hybrids,62
2/1/2014,Diesel,13743
2/1/2014,Electric hybrids,462
2/1/2014,Electricity,59
2/1/2014,Ethanol,203
2/1/2014,Gas,7707
2/1/2014,NG,337
2/1/2014,Others,2
2/1/2014,Plug-in hybrids,138
3/1/2014,Diesel,16948
3/1/2014,Electric hybrids,627
3/1/2014,Electricity,117
3/1/2014,Ethanol,372
3/1/2014,Gas,10773
3/1/2014,NG,381
3/1/2014,Others,2
3/1/2014,Plug-in hybrids,300
4/1/2014,Diesel,17480
4/1/2014,Electric hybrids,495
4/1/2014,Electricity,65
4/1/2014,Ethanol,283
4/1/2014,Gas,10844
4/1/2014,NG,356
4/1/2014,Others,4
4/1/2014,Plug-in hybrids,390
5/1/2014,Diesel,17617
5/1/2014,Electric hybrids,520
5/1/2014,Electricity,73
5/1/2014,Ethanol,187
5/1/2014,Gas,10840
5/1/2014,NG,361
5/1/2014,Others,2
5/1/2014,Plug-in hybrids,307
6/1/2014,Diesel,18176
6/1/2014,Electric hybrids,627
6/1/2014,Electricity,91
6/1/2014,Ethanol,218
6/1/2014,Gas,10836
6/1/2014,NG,394
6/1/2014,Others,1
6/1/2014,Plug-in hybrids,500
7/1/2014,Diesel,12924
7/1/2014,Electric hybrids,419
7/1/2014,Electricity,144
7/1/2014,Ethanol,152
7/1/2014,Gas,8566
7/1/2014,NG,332
7/1/2014,Others,8
7/1/2014,Plug-in hybrids,246
8/1/2014,Diesel,14178
8/1/2014,Electric hybrids,609
8/1/2014,Electricity,286
8/1/2014,Ethanol,250
8/1/2014,Gas,9482
8/1/2014,NG,528
8/1/2014,Others,2
8/1/2014,Plug-in hybrids,270
9/1/2014,Diesel,15359
9/1/2014,Electric hybrids,583
9/1/2014,Electricity,78
9/1/2014,Ethanol,284
9/1/2014,Gas,10703
9/1/2014,NG,504
9/1/2014,Others,4
9/1/2014,Plug-in hybrids,266
10/1/2014,Diesel,16940
10/1/2014,Electric hybrids,702
10/1/2014,Electricity,86
10/1/2014,Ethanol,171
10/1/2014,Gas,10712
10/1/2014,NG,523
10/1/2014,Others,4
10/1/2014,Plug-in hybrids,456
11/1/2014,Diesel,15748
11/1/2014,Electric hybrids,692
11/1/2014,Electricity,63
11/1/2014,Ethanol,221
11/1/2014,Gas,9659
11/1/2014,NG,418
11/1/2014,Others,3
11/1/2014,Plug-in hybrids,204
12/1/2014,Diesel,16564
12/1/2014,Electric hybrids,826
12/1/2014,Electricity,137
12/1/2014,Ethanol,164
12/1/2014,Gas,9610
12/1/2014,NG,511
12/1/2014,Others,2
12/1/2014,Plug-in hybrids,272
1/1/2015,Diesel,12547
1/1/2015,Electric hybrids,579
1/1/2015,Electricity,78
1/1/2015,Ethanol,125
1/1/2015,Gas,7418
1/1/2015,NG,335
1/1/2015,Others,3
1/1/2015,Plug-in hybrids,214
2/1/2015,Diesel,14838
2/1/2015,Electric hybrids,626
2/1/2015,Electricity,101
2/1/2015,Ethanol,113
2/1/2015,Gas,8482
2/1/2015,NG,483
2/1/2015,Others,1
2/1/2015,Plug-in hybrids,203
3/1/2015,Diesel,19333
3/1/2015,Electric hybrids,943
3/1/2015,Electricity,357
3/1/2015,Ethanol,144
3/1/2015,Gas,11885
3/1/2015,NG,537
3/1/2015,Others,4
3/1/2015,Plug-in hybrids,315
4/1/2015,Diesel,18486
4/1/2015,Electric hybrids,504
4/1/2015,Electricity,286
4/1/2015,Ethanol,168
4/1/2015,Gas,11643
4/1/2015,NG,600
4/1/2015,Others,5
4/1/2015,Plug-in hybrids,355
5/1/2015,Diesel,17953
5/1/2015,Electric hybrids,584
5/1/2015,Electricity,322
5/1/2015,Ethanol,95
5/1/2015,Gas,11545
5/1/2015,NG,448
5/1/2015,Others,2
5/1/2015,Plug-in hybrids,386
6/1/2015,Diesel,19833
6/1/2015,Electric hybrids,914
6/1/2015,Electricity,328
6/1/2015,Ethanol,112
6/1/2015,Gas,12434
6/1/2015,NG,311
6/1/2015,Others,3
6/1/2015,Plug-in hybrids,479
7/1/2015,Diesel,14472
7/1/2015,Electric hybrids,596
7/1/2015,Electricity,256
7/1/2015,Ethanol,77
7/1/2015,Gas,10236
7/1/2015,NG,325
7/1/2015,Others,1
7/1/2015,Plug-in hybrids,279
8/1/2015,Diesel,15292
8/1/2015,Electric hybrids,611
8/1/2015,Electricity,260
8/1/2015,Ethanol,123
8/1/2015,Gas,10800
8/1/2015,NG,427
8/1/2015,Others,0
8/1/2015,Plug-in hybrids,308
9/1/2015,Diesel,16795
9/1/2015,Electric hybrids,850
9/1/2015,Electricity,220
9/1/2015,Ethanol,133
9/1/2015,Gas,12128
9/1/2015,NG,533
9/1/2015,Others,4
9/1/2015,Plug-in hybrids,398
10/1/2015,Diesel,18570
10/1/2015,Electric hybrids,775
10/1/2015,Electricity,202
10/1/2015,Ethanol,105
10/1/2015,Gas,12057
10/1/2015,NG,457
10/1/2015,Others,5
10/1/2015,Plug-in hybrids,504
11/1/2015,Diesel,18781
11/1/2015,Electric hybrids,766
11/1/2015,Electricity,184
11/1/2015,Ethanol,99
11/1/2015,Gas,11660
11/1/2015,NG,330
11/1/2015,Others,2
11/1/2015,Plug-in hybrids,558
12/1/2015,Diesel,19500
12/1/2015,Electric hybrids,1021
12/1/2015,Electricity,322
12/1/2015,Ethanol,76
12/1/2015,Gas,11288
12/1/2015,NG,332
12/1/2015,Others,1
12/1/2015,Plug-in hybrids,1753
1/1/2016,Diesel,12599
1/1/2016,Electric hybrids,833
1/1/2016,Electricity,133
1/1/2016,Ethanol,48
1/1/2016,Gas,8357
1/1/2016,NG,266
1/1/2016,Others,2
1/1/2016,Plug-in hybrids,145
2/1/2016,Diesel,15453
2/1/2016,Electric hybrids,1107
2/1/2016,Electricity,157
2/1/2016,Ethanol,73
2/1/2016,Gas,10426
2/1/2016,NG,318
2/1/2016,Others,2
2/1/2016,Plug-in hybrids,470
3/1/2016,Diesel,18776
3/1/2016,Electric hybrids,1336
3/1/2016,Electricity,407
3/1/2016,Ethanol,67
3/1/2016,Gas,14243
3/1/2016,NG,373
3/1/2016,Others,1
3/1/2016,Plug-in hybrids,854
4/1/2016,Diesel,19140
4/1/2016,Electric hybrids,1013
4/1/2016,Electricity,294
4/1/2016,Ethanol,61
4/1/2016,Gas,13471
4/1/2016,NG,338
4/1/2016,Others,8
4/1/2016,Plug-in hybrids,920
5/1/2016,Diesel,18971
5/1/2016,Electric hybrids,1087
5/1/2016,Electricity,191
5/1/2016,Ethanol,82
5/1/2016,Gas,14962
5/1/2016,NG,319
5/1/2016,Others,4
5/1/2016,Plug-in hybrids,994
6/1/2016,Diesel,20206
6/1/2016,Electric hybrids,967
6/1/2016,Electricity,219
6/1/2016,Ethanol,106
6/1/2016,Gas,15179
6/1/2016,NG,417
6/1/2016,Others,6
6/1/2016,Plug-in hybrids,1137
7/1/2016,Diesel,12890
7/1/2016,Electric hybrids,810
7/1/2016,Electricity,107
7/1/2016,Ethanol,24
7/1/2016,Gas,10818
7/1/2016,NG,140
7/1/2016,Others,2
7/1/2016,Plug-in hybrids,859
8/1/2016,Diesel,13721
8/1/2016,Electric hybrids,1221
8/1/2016,Electricity,153
8/1/2016,Ethanol,102
8/1/2016,Gas,12561
8/1/2016,NG,261
8/1/2016,Others,5
8/1/2016,Plug-in hybrids,787
9/1/2016,Diesel,16291
9/1/2016,Electric hybrids,1613
9/1/2016,Electricity,419
9/1/2016,Ethanol,99
9/1/2016,Gas,13602
9/1/2016,NG,381
9/1/2016,Others,3
9/1/2016,Plug-in hybrids,1162
10/1/2016,Diesel,17016
10/1/2016,Electric hybrids,1168
10/1/2016,Electricity,212
10/1/2016,Ethanol,35
10/1/2016,Gas,13443
10/1/2016,NG,291
10/1/2016,Others,10
10/1/2016,Plug-in hybrids,1023
11/1/2016,Diesel,16472
11/1/2016,Electric hybrids,1128
11/1/2016,Electricity,248
11/1/2016,Ethanol,67
11/1/2016,Gas,13136
11/1/2016,NG,317
11/1/2016,Others,4
11/1/2016,Plug-in hybrids,1024
12/1/2016,Diesel,19522
12/1/2016,Electric hybrids,1353
12/1/2016,Electricity,453
12/1/2016,Ethanol,92
12/1/2016,Gas,15122
12/1/2016,NG,389
12/1/2016,Others,5
12/1/2016,Plug-in hybrids,915
1/1/2017,Diesel,12922
1/1/2017,Electric hybrids,1050
1/1/2017,Electricity,260
1/1/2017,Ethanol,93
1/1/2017,Gas,8368
1/1/2017,NG,345
1/1/2017,Others,4
1/1/2017,Plug-in hybrids,997
2/1/2017,Diesel,15169
2/1/2017,Electric hybrids,1437
2/1/2017,Electricity,228
2/1/2017,Ethanol,81
2/1/2017,Gas,10385
2/1/2017,NG,248
2/1/2017,Others,4
2/1/2017,Plug-in hybrids,932
3/1/2017,Diesel,19984
3/1/2017,Electric hybrids,2086
3/1/2017,Electricity,579
3/1/2017,Ethanol,98
3/1/2017,Gas,15657
3/1/2017,NG,216
3/1/2017,Others,5
3/1/2017,Plug-in hybrids,851
4/1/2017,Diesel,16570
4/1/2017,Electric hybrids,1248
4/1/2017,Electricity,396
4/1/2017,Ethanol,86
4/1/2017,Gas,12540
4/1/2017,NG,179
4/1/2017,Others,4
4/1/2017,Plug-in hybrids,818
5/1/2017,Diesel,18678
5/1/2017,Electric hybrids,1483
5/1/2017,Electricity,400
5/1/2017,Ethanol,95
5/1/2017,Gas,15112
5/1/2017,NG,207
5/1/2017,Others,4
5/1/2017,Plug-in hybrids,1172
6/1/2017,Diesel,20206
6/1/2017,Electric hybrids,1574
6/1/2017,Electricity,429
6/1/2017,Ethanol,77
6/1/2017,Gas,16237
6/1/2017,NG,170
6/1/2017,Others,3
6/1/2017,Plug-in hybrids,1185
7/1/2017,Diesel,12384
7/1/2017,Electric hybrids,1230
7/1/2017,Electricity,220
7/1/2017,Ethanol,33
7/1/2017,Gas,11138
7/1/2017,NG,158
7/1/2017,Others,5
7/1/2017,Plug-in hybrids,996
8/1/2017,Diesel,14618
8/1/2017,Electric hybrids,1691
8/1/2017,Electricity,413
8/1/2017,Ethanol,165
8/1/2017,Gas,12450
8/1/2017,NG,468
8/1/2017,Others,7
8/1/2017,Plug-in hybrids,1561
9/1/2017,Diesel,15340
9/1/2017,Electric hybrids,1554
9/1/2017,Electricity,491
9/1/2017,Ethanol,91
9/1/2017,Gas,12956
9/1/2017,NG,576
9/1/2017,Others,5
9/1/2017,Plug-in hybrids,1530
10/1/2017,Diesel,15122
10/1/2017,Electric hybrids,1645
10/1/2017,Electricity,382
10/1/2017,Ethanol,122
10/1/2017,Gas,13524
10/1/2017,NG,492
10/1/2017,Others,2
10/1/2017,Plug-in hybrids,1937
11/1/2017,Diesel,14226
11/1/2017,Electric hybrids,1628
11/1/2017,Electricity,268
11/1/2017,Ethanol,76
11/1/2017,Gas,14354
11/1/2017,NG,560
11/1/2017,Others,5
11/1/2017,Plug-in hybrids,2076
12/1/2017,Diesel,15848
12/1/2017,Electric hybrids,2013
12/1/2017,Electricity,293
12/1/2017,Ethanol,73
12/1/2017,Gas,14834
12/1/2017,NG,352
12/1/2017,Others,10
12/1/2017,Plug-in hybrids,1934
1/1/2018,Diesel,9788
1/1/2018,Electric hybrids,1417
1/1/2018,Electricity,191
1/1/2018,Ethanol,59
1/1/2018,Gas,10493
1/1/2018,NG,289
1/1/2018,Others,2
1/1/2018,Plug-in hybrids,1576
2/1/2018,Diesel,12143
2/1/2018,Electric hybrids,1177
2/1/2018,Electricity,324
2/1/2018,Ethanol,84
2/1/2018,Gas,12305
2/1/2018,NG,233
2/1/2018,Others,1
2/1/2018,Plug-in hybrids,1548
3/1/2018,Diesel,15538
3/1/2018,Electric hybrids,2183
3/1/2018,Electricity,749
3/1/2018,Ethanol,75
3/1/2018,Gas,17139
3/1/2018,NG,350
3/1/2018,Others,3
3/1/2018,Plug-in hybrids,1920
4/1/2018,Diesel,13802
4/1/2018,Electric hybrids,1875
4/1/2018,Electricity,377
4/1/2018,Ethanol,69
4/1/2018,Gas,17310
4/1/2018,NG,376
4/1/2018,Others,3
4/1/2018,Plug-in hybrids,1789
5/1/2018,Diesel,14988
5/1/2018,Electric hybrids,2179
5/1/2018,Electricity,293
5/1/2018,Ethanol,57
5/1/2018,Gas,19867
5/1/2018,NG,348
5/1/2018,Others,3
5/1/2018,Plug-in hybrids,1711
6/1/2018,Diesel,29301
6/1/2018,Electric hybrids,2842
6/1/2018,Electricity,337
6/1/2018,Ethanol,130
6/1/2018,Gas,32231
6/1/2018,NG,328
6/1/2018,Others,3
6/1/2018,Plug-in hybrids,2381
7/1/2018,Diesel,3155
7/1/2018,Electric hybrids,944
7/1/2018,Electricity,533
7/1/2018,Ethanol,30
7/1/2018,Gas,6937
7/1/2018,NG,290
7/1/2018,Others,0
7/1/2018,Plug-in hybrids,1909
8/1/2018,Diesel,7737
8/1/2018,Electric hybrids,1697
8/1/2018,Electricity,565
8/1/2018,Ethanol,384
8/1/2018,Gas,12888
8/1/2018,NG,504
8/1/2018,Others,1
8/1/2018,Plug-in hybrids,1989
9/1/2018,Diesel,6082
9/1/2018,Electric hybrids,1655
9/1/2018,Electricity,667
9/1/2018,Ethanol,27
9/1/2018,Gas,9524
9/1/2018,NG,205
9/1/2018,Others,1
9/1/2018,Plug-in hybrids,1725
10/1/2018,Diesel,7753
10/1/2018,Electric hybrids,1836
10/1/2018,Electricity,806
10/1/2018,Ethanol,32
10/1/2018,Gas,11702
10/1/2018,NG,120
10/1/2018,Others,5
10/1/2018,Plug-in hybrids,1874
11/1/2018,Diesel,8945
11/1/2018,Electric hybrids,1835
11/1/2018,Electricity,1211
11/1/2018,Ethanol,36
11/1/2018,Gas,12432
11/1/2018,NG,100
11/1/2018,Others,6
11/1/2018,Plug-in hybrids,1792
12/1/2018,Diesel,8177
12/1/2018,Electric hybrids,1380
12/1/2018,Electricity,1094
12/1/2018,Ethanol,37
12/1/2018,Gas,10980
12/1/2018,NG,145
12/1/2018,Others,4
12/1/2018,Plug-in hybrids,1597
1/1/2019,Diesel,8113
1/1/2019,Electric hybrids,1367
1/1/2019,Electricity,1103
1/1/2019,Ethanol,17
1/1/2019,Gas,8835
1/1/2019,NG,104
1/1/2019,Others,1
1/1/2019,Plug-in hybrids,1577
2/1/2019,Diesel,8827
2/1/2019,Electric hybrids,1226
2/1/2019,Electricity,902
2/1/2019,Ethanol,8
2/1/2019,Gas,10830
2/1/2019,NG,96
2/1/2019,Others,0
2/1/2019,Plug-in hybrids,1900
3/1/2019,Diesel,10770
3/1/2019,Electric hybrids,1783
3/1/2019,Electricity,2107
3/1/2019,Ethanol,12
3/1/2019,Gas,13912
3/1/2019,NG,202
3/1/2019,Others,1
3/1/2019,Plug-in hybrids,2292
4/1/2019,Diesel,11981
4/1/2019,Electric hybrids,2144
4/1/2019,Electricity,1377
4/1/2019,Ethanol,7
4/1/2019,Gas,13946
4/1/2019,NG,281
4/1/2019,Others,4
4/1/2019,Plug-in hybrids,1711
5/1/2019,Diesel,11673
5/1/2019,Electric hybrids,2614
5/1/2019,Electricity,1255
5/1/2019,Ethanol,15
5/1/2019,Gas,15588
5/1/2019,NG,447
5/1/2019,Others,3
5/1/2019,Plug-in hybrids,1655
6/1/2019,Diesel,10813
6/1/2019,Electric hybrids,2418
6/1/2019,Electricity,1692
6/1/2019,Ethanol,6
6/1/2019,Gas,15827
6/1/2019,NG,610
6/1/2019,Others,5
6/1/2019,Plug-in hybrids,1748
7/1/2019,Diesel,7959
7/1/2019,Electric hybrids,1934
7/1/2019,Electricity,1083
7/1/2019,Ethanol,4
7/1/2019,Gas,12311
7/1/2019,NG,351
7/1/2019,Others,2
7/1/2019,Plug-in hybrids,1307
8/1/2019,Diesel,9274
8/1/2019,Electric hybrids,2460
8/1/2019,Electricity,971
8/1/2019,Ethanol,207
8/1/2019,Gas,14958
8/1/2019,NG,953
8/1/2019,Others,2
8/1/2019,Plug-in hybrids,1668
9/1/2019,Diesel,7891
9/1/2019,Electric hybrids,2170
9/1/2019,Electricity,1764
9/1/2019,Ethanol,181
9/1/2019,Gas,13196
9/1/2019,NG,649
9/1/2019,Others,3
9/1/2019,Plug-in hybrids,1874
10/1/2019,Diesel,9764
10/1/2019,Electric hybrids,2457
10/1/2019,Electricity,848
10/1/2019,Ethanol,126
10/1/2019,Gas,14070
10/1/2019,NG,532
10/1/2019,Others,0
10/1/2019,Plug-in hybrids,2696
11/1/2019,Diesel,9692
11/1/2019,Electric hybrids,2436
11/1/2019,Electricity,1061
11/1/2019,Ethanol,182
11/1/2019,Gas,14133
11/1/2019,NG,364
11/1/2019,Others,2
11/1/2019,Plug-in hybrids,3256
12/1/2019,Diesel,15982
12/1/2019,Electric hybrids,2447
12/1/2019,Electricity,1628
12/1/2019,Ethanol,402
12/1/2019,Gas,24299
12/1/2019,NG,382
12/1/2019,Others,2
12/1/2019,Plug-in hybrids,3223
1/1/2020,Diesel,4088
1/1/2020,Electric hybrids,1140
1/1/2020,Electricity,1268
1/1/2020,Ethanol,5
1/1/2020,Gas,6732
1/1/2020,NG,443
1/1/2020,Others,1
1/1/2020,Plug-in hybrids,4113
2/1/2020,Diesel,6084
2/1/2020,Electric hybrids,1657
2/1/2020,Electricity,1430
2/1/2020,Ethanol,7
2/1/2020,Gas,8927
2/1/2020,NG,355
2/1/2020,Others,2
2/1/2020,Plug-in hybrids,4027
3/1/2020,Diesel,7284
3/1/2020,Electric hybrids,1710
3/1/2020,Electricity,3015
3/1/2020,Ethanol,7
3/1/2020,Gas,11431
3/1/2020,NG,330
3/1/2020,Others,5
3/1/2020,Plug-in hybrids,4753
4/1/2020,Diesel,5223
4/1/2020,Electric hybrids,1341
4/1/2020,Electricity,1049
4/1/2020,Ethanol,5
4/1/2020,Gas,8730
4/1/2020,NG,247
4/1/2020,Others,3
4/1/2020,Plug-in hybrids,3233
5/1/2020,Diesel,4445
5/1/2020,Electric hybrids,1263
5/1/2020,Electricity,841
5/1/2020,Ethanol,5
5/1/2020,Gas,7628
5/1/2020,NG,126
5/1/2020,Others,0
5/1/2020,Plug-in hybrids,2591
6/1/2020,Diesel,7082
6/1/2020,Electric hybrids,1152
6/1/2020,Electricity,1706
6/1/2020,Ethanol,4
6/1/2020,Gas,11255
6/1/2020,NG,159
6/1/2020,Others,4
6/1/2020,Plug-in hybrids,4696
7/1/2020,Diesel,5685
7/1/2020,Electric hybrids,1529
7/1/2020,Electricity,1307
7/1/2020,Ethanol,7
7/1/2020,Gas,9769
7/1/2020,NG,90
7/1/2020,Others,3
7/1/2020,Plug-in hybrids,5414
8/1/2020,Diesel,5558
8/1/2020,Electric hybrids,2624
8/1/2020,Electricity,2120
8/1/2020,Ethanol,13
8/1/2020,Gas,10416
8/1/2020,NG,513
8/1/2020,Others,0
8/1/2020,Plug-in hybrids,5301
9/1/2020,Diesel,5716
9/1/2020,Electric hybrids,2960
9/1/2020,Electricity,3678
9/1/2020,Ethanol,7
9/1/2020,Gas,10792
9/1/2020,NG,401
9/1/2020,Others,4
9/1/2020,Plug-in hybrids,6233
10/1/2020,Diesel,5356
10/1/2020,Electric hybrids,2623
10/1/2020,Electricity,2345
10/1/2020,Ethanol,6
10/1/2020,Gas,10467
10/1/2020,NG,389
10/1/2020,Others,2
10/1/2020,Plug-in hybrids,7849
11/1/2020,Diesel,4974
11/1/2020,Electric hybrids,2452
11/1/2020,Electricity,2729
11/1/2020,Ethanol,1
11/1/2020,Gas,9457
11/1/2020,NG,240
11/1/2020,Others,0
11/1/2020,Plug-in hybrids,7590
12/1/2020,Diesel,6578
12/1/2020,Electric hybrids,2180
12/1/2020,Electricity,6609
12/1/2020,Ethanol,3
12/1/2020,Gas,9036
12/1/2020,NG,232
12/1/2020,Others,2
12/1/2020,Plug-in hybrids,10334
1/1/2021,Diesel,4947
1/1/2021,Electric hybrids,1635
1/1/2021,Electricity,1161
1/1/2021,Ethanol,5
1/1/2021,Gas,7718
1/1/2021,NG,111
1/1/2021,Others,1
1/1/2021,Plug-in hybrids,5898
2/1/2021,Diesel,4961
2/1/2021,Electric hybrids,1643
2/1/2021,Electricity,1416
2/1/2021,Ethanol,3
2/1/2021,Gas,8799
2/1/2021,NG,163
2/1/2021,Others,3
2/1/2021,Plug-in hybrids,6598
3/1/2021,Diesel,10875
3/1/2021,Electric hybrids,3301
3/1/2021,Electricity,2625
3/1/2021,Ethanol,8
3/1/2021,Gas,16807
3/1/2021,NG,142
3/1/2021,Others,2
3/1/2021,Plug-in hybrids,14963
4/1/2021,Diesel,3729
4/1/2021,Electric hybrids,1992
4/1/2021,Electricity,4888
4/1/2021,Ethanol,51
4/1/2021,Gas,7758
4/1/2021,NG,135
4/1/2021,Others,2
4/1/2021,Plug-in hybrids,4578
5/1/2021,Diesel,4561
5/1/2021,Electric hybrids,2404
5/1/2021,Electricity,3972
5/1/2021,Ethanol,94
5/1/2021,Gas,8971
5/1/2021,NG,146
5/1/2021,Others,7
5/1/2021,Plug-in hybrids,5558
6/1/2021,Diesel,6173
6/1/2021,Electric hybrids,2922
6/1/2021,Electricity,8706
6/1/2021,Ethanol,177
6/1/2021,Gas,10343
6/1/2021,NG,166
6/1/2021,Others,5
6/1/2021,Plug-in hybrids,9146
7/1/2021,Diesel,3122
7/1/2021,Electric hybrids,1730
7/1/2021,Electricity,2556
7/1/2021,Ethanol,208
7/1/2021,Gas,6589
7/1/2021,NG,89
7/1/2021,Others,8
7/1/2021,Plug-in hybrids,3808
8/1/2021,Diesel,3059
8/1/2021,Electric hybrids,1865
8/1/2021,Electricity,4806
8/1/2021,Ethanol,127
8/1/2021,Gas,6340
8/1/2021,NG,162
8/1/2021,Others,5
8/1/2021,Plug-in hybrids,4561
9/1/2021,Diesel,3016
9/1/2021,Electric hybrids,1742
9/1/2021,Electricity,7486
9/1/2021,Ethanol,167
9/1/2021,Gas,6415
9/1/2021,NG,140
9/1/2021,Others,1
9/1/2021,Plug-in hybrids,4778
10/1/2021,Diesel,2790
10/1/2021,Electric hybrids,1491
10/1/2021,Electricity,4634
10/1/2021,Ethanol,182
10/1/2021,Gas,6077
10/1/2021,NG,106
10/1/2021,Others,2
10/1/2021,Plug-in hybrids,5634
11/1/2021,Diesel,3089
11/1/2021,Electric hybrids,1518
11/1/2021,Electricity,5549
11/1/2021,Ethanol,112
11/1/2021,Gas,5789
11/1/2021,NG,56
11/1/2021,Others,1
11/1/2021,Plug-in hybrids,5979
12/1/2021,Diesel,3412
12/1/2021,Electric hybrids,1894
12/1/2021,Electricity,10082
12/1/2021,Ethanol,165
12/1/2021,Gas,5865
12/1/2021,NG,132
12/1/2021,Others,6
12/1/2021,Plug-in hybrids,6699
1/1/2022,Diesel,2809
1/1/2022,Electric hybrids,1790
1/1/2022,Electricity,5221
1/1/2022,Ethanol,87
1/1/2022,Gas,5104
1/1/2022,NG,135
1/1/2022,Others,3
1/1/2022,Plug-in hybrids,5378
2/1/2022,Diesel,3135
2/1/2022,Electric hybrids,2046
2/1/2022,Electricity,5491
2/1/2022,Ethanol,246
2/1/2022,Gas,5368
2/1/2022,NG,122
2/1/2022,Others,0
2/1/2022,Plug-in hybrids,5509
3/1/2022,Diesel,3913
3/1/2022,Electric hybrids,2786
3/1/2022,Electricity,9254
3/1/2022,Ethanol,266
3/1/2022,Gas,6737
3/1/2022,NG,109
3/1/2022,Others,2
3/1/2022,Plug-in hybrids,6826
4/1/2022,Diesel,3492
4/1/2022,Electric hybrids,2736
4/1/2022,Electricity,5500
4/1/2022,Ethanol,142
4/1/2022,Gas,5968
4/1/2022,NG,51
4/1/2022,Others,7
4/1/2022,Plug-in hybrids,5154
5/1/2022,Diesel,4369
5/1/2022,Electric hybrids,2600
5/1/2022,Electricity,6529
5/1/2022,Ethanol,220
5/1/2022,Gas,7786
5/1/2022,NG,86
5/1/2022,Others,0
5/1/2022,Plug-in hybrids,6146
6/1/2022,Diesel,3998
6/1/2022,Electric hybrids,2067
6/1/2022,Electricity,8365
6/1/2022,Ethanol,137
6/1/2022,Gas,6490
6/1/2022,NG,155
6/1/2022,Others,3
6/1/2022,Plug-in hybrids,6159
7/1/2022,Diesel,2249
7/1/2022,Electric hybrids,1636
7/1/2022,Electricity,4792
7/1/2022,Ethanol,139
7/1/2022,Gas,5672
7/1/2022,NG,39
7/1/2022,Others,3
7/1/2022,Plug-in hybrids,4259
8/1/2022,Diesel,2578
8/1/2022,Electric hybrids,2796
8/1/2022,Electricity,5927
8/1/2022,Ethanol,199
8/1/2022,Gas,5975
8/1/2022,NG,346
8/1/2022,Others,4
8/1/2022,Plug-in hybrids,3668
